Date,Sample_Count,RMS,Mean,Std,Min,Max,Peak_to_Peak,Failed_Count,Passed_Count,Failed_Ratio
2021-11-18 01:39:59.605000+00:00,1024,1.9412486561185947,-0.06226539611816406,1.9411979023999333,-3.3046875,3.228515625,6.533203125,370,654,0.361328125
2021-11-18 01:42:32.078000+00:00,1024,1.889992962955312,0.01517486572265625,1.8908555368472768,-3.333984375,3.345703125,6.6796875,336,688,0.328125
2021-11-18 01:45:28.748000+00:00,1024,1.9148794425725684,0.04265022277832031,1.9153398611659664,-3.322265625,3.3046875,6.626953125,368,656,0.359375
2021-11-18 01:47:56.872000+00:00,1024,1.9022999118085506,-0.000858306884765625,1.9032292563307267,-3.17578125,3.24609375,6.421875,365,659,0.3564453125
2021-11-18 01:50:35.669000+00:00,1024,1.9485753627787774,0.0361785888671875,1.9491914616801225,-3.205078125,3.17578125,6.380859375,382,642,0.373046875
2021-11-18 01:52:32.128000+00:00,1024,1.91261192941684,0.02526092529296875,1.913379600211149,-3.287109375,3.19921875,6.486328125,348,676,0.33984375
2021-11-18 01:54:47.572000+00:00,1024,1.9454571869291835,-0.09337234497070312,1.9441647202121617,-3.2109375,3.158203125,6.369140625,374,650,0.365234375
2021-11-18 01:56:40.996000+00:00,1024,1.913456676909763,0.02562713623046875,1.9142199617027795,-3.19921875,3.234375,6.43359375,355,669,0.3466796875
2021-11-18 01:58:34.523000+00:00,1024,1.907904920830997,-0.06580352783203125,1.9077015256807845,-3.1875,3.380859375,6.568359375,348,676,0.33984375
2021-11-18 02:00:29.286000+00:00,1024,1.8701331593600858,0.026683807373046875,1.870856509343094,-3.263671875,3.17578125,6.439453125,346,678,0.337890625
2021-11-18 02:02:19.620000+00:00,1024,1.9163132561780172,0.05293083190917969,1.9165181391518404,-3.24609375,3.146484375,6.392578125,362,662,0.353515625
2021-11-18 02:04:08.566000+00:00,1024,1.9372241925618185,-0.008024215698242188,1.938154169356448,-3.2109375,3.22265625,6.43359375,362,662,0.353515625
2021-11-18 02:06:02.021000+00:00,1024,1.9298897938350634,0.022968292236328125,1.930696065119808,-3.28125,3.17578125,6.45703125,366,658,0.357421875
2021-11-18 02:08:00.326000+00:00,1024,1.9644389038800023,0.06006813049316406,1.964479767771939,-3.263671875,3.251953125,6.515625,386,638,0.376953125
2021-11-18 02:09:47.297000+00:00,1024,1.9550831248765363,-0.002109527587890625,1.956037316427559,-3.181640625,3.216796875,6.3984375,371,653,0.3623046875
2021-11-18 02:11:38.007000+00:00,1024,1.8818653591372114,-0.08586311340332031,1.8808241132230579,-3.2578125,3.17578125,6.43359375,336,688,0.328125
2021-11-18 02:13:28.376000+00:00,1024,1.9119968157126608,0.0076351165771484375,1.912915840203136,-3.205078125,3.52734375,6.732421875,351,673,0.3427734375
2021-11-18 02:15:15.392000+00:00,1024,1.901160262710977,-0.020540237426757812,1.9019782277102382,-3.158203125,3.205078125,6.36328125,355,669,0.3466796875
2021-11-18 02:17:03.524000+00:00,1024,1.874755213573815,-0.07716751098632812,1.874081682172005,-3.193359375,3.251953125,6.4453125,337,687,0.3291015625
2021-11-18 02:18:55.490000+00:00,1024,1.9487234501149548,-0.05031013488769531,1.9490258194622883,-3.45703125,3.15234375,6.609375,380,644,0.37109375
2021-11-18 02:20:47.275000+00:00,1024,1.8965819694165869,-0.059291839599609375,1.8965812293882862,-3.29296875,3.31640625,6.609375,348,676,0.33984375
2021-11-18 02:22:39.256000+00:00,1024,1.92881754906469,0.01239776611328125,1.9297201807310183,-3.19921875,3.216796875,6.416015625,383,641,0.3740234375
2021-11-18 02:24:27.298000+00:00,1024,1.9132720599687834,0.03200531005859375,1.9139391168861442,-3.28125,3.146484375,6.427734375,347,677,0.3388671875
2021-11-18 02:26:18.962000+00:00,1024,1.8863754700600148,-0.05916404724121094,1.8863687383116134,-3.3515625,3.310546875,6.662109375,343,681,0.3349609375
2021-11-18 02:28:05.682000+00:00,1024,1.910341441064583,-0.061496734619140625,1.9102843326345675,-3.240234375,3.181640625,6.421875,348,676,0.33984375
2021-11-18 02:29:48.606000+00:00,1024,1.9106244047895233,-0.07812309265136719,1.9099593829998895,-3.45703125,3.216796875,6.673828125,355,669,0.3466796875
2021-11-18 02:31:36.742000+00:00,1024,1.8909469608179905,-0.029859542846679688,1.8916350688090042,-3.2578125,3.169921875,6.427734375,346,678,0.337890625
2021-11-18 02:33:26.216000+00:00,1024,1.881807199366603,0.01648712158203125,1.8826544628919235,-3.216796875,3.28125,6.498046875,332,692,0.32421875
2021-11-18 02:35:14.327000+00:00,1024,1.9374188360010962,0.028606414794921875,1.9381542300185042,-3.263671875,3.240234375,6.50390625,364,660,0.35546875
2021-11-18 02:37:02.356000+00:00,1024,1.8847341139536034,-0.016641616821289062,1.885581561378185,-3.3984375,3.216796875,6.615234375,341,683,0.3330078125
2021-11-18 02:38:50.602000+00:00,1024,1.9084368311770128,-0.009729385375976562,1.9093445552368868,-3.158203125,3.216796875,6.375,345,679,0.3369140625
2021-11-18 02:40:40.906000+00:00,1024,1.9381517863675293,0.0412139892578125,1.9386603804081468,-3.140625,3.240234375,6.380859375,371,653,0.3623046875
2021-11-18 02:42:31.424000+00:00,1024,1.9219259065383392,-0.07089996337890625,1.9215561983780225,-3.263671875,3.240234375,6.50390625,352,672,0.34375
2021-11-18 02:44:18.099000+00:00,1024,1.9327209766694058,-0.0052776336669921875,1.9336581705549352,-3.193359375,3.234375,6.427734375,361,663,0.3525390625
2021-11-18 02:46:04.637000+00:00,1024,1.9417714968910542,-0.03955268859863281,1.9423172519040868,-3.17578125,3.123046875,6.298828125,375,649,0.3662109375
2021-11-18 02:47:52.613000+00:00,1024,1.915014102428815,-0.01143646240234375,1.9159156870661334,-3.111328125,3.1875,6.298828125,359,665,0.3505859375
2021-11-18 02:49:45.600000+00:00,1024,1.9488295871853767,-0.06278228759765625,1.9487698272009468,-3.24609375,3.158203125,6.404296875,370,654,0.361328125
2021-11-18 02:51:40.238000+00:00,1024,1.9003490392480817,-0.0507659912109375,1.9005990895680542,-3.181640625,3.134765625,6.31640625,355,669,0.3466796875
2021-11-18 02:53:30.792000+00:00,1024,1.9321277638649619,-0.05913734436035156,1.9321662035680511,-3.17578125,3.24609375,6.421875,354,670,0.345703125
2021-11-18 02:55:17.510000+00:00,1024,1.8973841364499384,-0.07950019836425781,1.8966442017882383,-3.24609375,3.263671875,6.509765625,340,684,0.33203125
2021-11-18 02:57:10.838000+00:00,1024,1.9286014342307558,-0.008769989013671875,1.929523874565317,-3.26953125,3.234375,6.50390625,360,664,0.3515625
2021-11-18 02:59:05.452000+00:00,1024,1.940970996636129,-0.0033512115478515625,1.941916536634086,-3.158203125,3.1875,6.345703125,367,657,0.3583984375
2021-11-18 03:00:57.354000+00:00,1024,1.9324560218679578,-0.07436180114746094,1.9319683279229012,-3.28125,3.240234375,6.521484375,364,660,0.35546875
2021-11-18 03:02:51.843000+00:00,1024,1.8852967813393933,0.06542205810546875,1.8850820025243926,-3.17578125,3.19921875,6.375,353,671,0.3447265625
2021-11-18 03:04:46.670000+00:00,1024,1.931027256209516,-0.08272171020507812,1.9301973278430735,-3.322265625,3.193359375,6.515625,372,652,0.36328125
2021-11-18 03:06:37.214000+00:00,1024,1.91119396948096,-0.045257568359375,1.9115916612235224,-3.240234375,3.451171875,6.69140625,354,670,0.345703125
2021-11-18 03:08:29.362000+00:00,1024,1.8982125755392263,0.023527145385742188,1.8989942376576392,-3.287109375,3.234375,6.521484375,354,670,0.345703125
2021-11-18 03:10:22.577000+00:00,1024,1.923891833262264,-0.0643157958984375,1.92375605612535,-3.333984375,3.193359375,6.52734375,367,657,0.3583984375
2021-11-18 03:12:10.597000+00:00,1024,1.8825851873042228,-0.05886077880859375,1.8825842489078946,-3.24609375,3.17578125,6.421875,336,688,0.328125
2021-11-18 03:14:00.949000+00:00,1024,1.9525769790473884,-0.03630256652832031,1.9531934195240594,-3.181640625,3.2109375,6.392578125,367,657,0.3583984375
2021-11-18 03:15:11.664000+00:00,1024,1.9335098460325064,-0.09011077880859375,1.9323526706515761,-3.345703125,3.52734375,6.873046875,390,634,0.380859375
2021-11-18 03:17:05.219000+00:00,2048,2.9617556609155757,-0.07158088684082031,2.9616136754152285,-6.41015625,6.375,12.78515625,1262,786,0.6162109375
2021-11-18 03:20:22.909000+00:00,2048,2.852854137003983,-0.06545066833496094,2.852799817333198,-6.17578125,6.3515625,12.52734375,1231,817,0.60107421875
2021-11-18 03:33:23.235000+00:00,2048,2.8525072779675447,-0.0883941650390625,2.8518336929210415,-6.43359375,6.28125,12.71484375,1246,802,0.6083984375
2021-11-18 03:45:11.921000+00:00,2048,2.9511185066249945,-0.064666748046875,2.95113049132536,-6.29296875,6.515625,12.80859375,1300,748,0.634765625
2021-11-18 03:58:06.853000+00:00,2048,2.858915896637372,-0.07460403442382812,2.858640322036105,-6.2109375,6.22265625,12.43359375,1210,838,0.5908203125
2021-11-18 04:09:55.514000+00:00,2048,2.871762692120316,-0.07475662231445312,2.871490642516946,-6.3984375,6.36328125,12.76171875,1234,814,0.6025390625
2021-11-18 04:21:50.299000+00:00,2048,2.829414388566988,-0.07462120056152344,2.8291209987319346,-6.3046875,6.31640625,12.62109375,1201,847,0.58642578125
2021-11-18 04:34:44.979000+00:00,2048,2.89174646196811,-0.08656120300292969,2.891156550069973,-6.41015625,6.57421875,12.984375,1231,817,0.60107421875
2021-11-18 04:46:49.127000+00:00,2048,2.882929950740615,-0.08866691589355469,2.882269880746528,-6.31640625,6.43359375,12.75,1214,834,0.5927734375
2021-11-18 04:58:48.396000+00:00,2048,2.829322873440734,-0.10477256774902344,2.8280728248507048,-6.375,6.234375,12.609375,1216,832,0.59375
2021-11-18 05:11:40.250000+00:00,2048,2.852377504646893,-0.06535911560058594,2.8523250433960503,-6.33984375,6.31640625,12.65625,1227,821,0.59912109375
2021-11-18 05:22:33.409000+00:00,1024,3.1537552194291334,-0.023731231689453125,3.1552069370278195,-6.38671875,6.6796875,13.06640625,664,360,0.6484375
2021-11-18 05:34:17.668000+00:00,1024,3.066886018772516,-0.087554931640625,3.0671339737699124,-6.4921875,6.48046875,12.97265625,649,375,0.6337890625
2021-11-18 05:45:18.078000+00:00,1024,3.0056348720538333,-0.10567474365234375,3.005244357898093,-6.421875,6.41015625,12.83203125,612,412,0.59765625
2021-11-18 05:57:15.932000+00:00,1024,3.1005161187428563,-0.12168502807617188,3.0996411969511484,-6.4453125,6.33984375,12.78515625,655,369,0.6396484375
2021-11-18 06:08:09.229000+00:00,1024,2.8964266935278253,-0.09454345703125,2.8962978196902256,-6.29296875,6.3046875,12.59765625,607,417,0.5927734375
2021-11-18 06:20:12.917000+00:00,1024,3.0445006680537188,-0.0666656494140625,3.045257994868552,-6.28125,6.31640625,12.59765625,623,401,0.6083984375
2021-11-18 06:31:16.595000+00:00,1024,2.974519456492459,-0.11498641967773438,2.9737484826979044,-6.3984375,6.50390625,12.90234375,635,389,0.6201171875
2021-11-18 06:41:53.729000+00:00,1024,3.0370149800145,-0.13323974609375,3.035573404666578,-6.375,6.36328125,12.73828125,626,398,0.611328125
2021-11-18 06:52:57.394000+00:00,1024,3.091620157653307,-0.09804916381835938,3.0915749035564803,-6.375,6.36328125,12.73828125,635,389,0.6201171875
2021-11-18 07:03:50.335000+00:00,1024,3.0598557305920817,-0.11498260498046875,3.059188680836348,-6.33984375,6.5625,12.90234375,623,401,0.6083984375
2021-11-18 07:14:34.609000+00:00,1024,2.912561395616077,-0.13050460815429688,2.9110578958744733,-6.5859375,6.3046875,12.890625,609,415,0.5947265625
2021-11-18 07:25:28.693000+00:00,1024,2.9503489166750136,-0.11826324462890625,2.9494181999869085,-6.33984375,6.3984375,12.73828125,604,420,0.58984375
2021-11-18 07:36:12.545000+00:00,1024,2.985724493560596,-0.13210296630859375,2.984258136414561,-6.52734375,6.5859375,13.11328125,615,409,0.6005859375
2021-11-18 07:48:22.004000+00:00,1024,3.0403440685791767,-0.09003829956054688,3.0404955356717225,-6.31640625,6.4453125,12.76171875,605,419,0.5908203125
2021-11-18 07:59:14.858000+00:00,1024,3.0625376893663225,-0.0726318359375,3.063172346665885,-6.38671875,6.328125,12.71484375,641,383,0.6259765625
2021-11-18 08:11:13.321000+00:00,1024,3.186855173803028,-0.042476654052734375,3.1881291657578057,-6.5625,6.52734375,13.08984375,680,344,0.6640625
2021-11-18 08:22:19.430000+00:00,1024,3.036963328686189,-0.12171173095703125,3.036006228071296,-6.43359375,6.33984375,12.7734375,631,393,0.6162109375
2021-11-18 08:33:20.176000+00:00,1024,2.988072065125084,-0.11075210571289062,2.987477946643526,-6.43359375,6.3515625,12.78515625,608,416,0.59375
2021-11-18 08:44:11.483000+00:00,1024,3.083031471507244,-0.0629119873046875,3.083895693519733,-6.3046875,6.515625,12.8203125,652,372,0.63671875
2021-11-18 08:54:57.801000+00:00,1024,3.093462822330032,-0.08285903930664062,3.093863969761942,-6.45703125,6.48046875,12.9375,643,381,0.6279296875
2021-11-18 09:06:04.832000+00:00,1024,3.1053772103115547,-0.10382843017578125,3.10515753131007,-6.3984375,6.3515625,12.75,661,363,0.6455078125
2021-11-18 09:18:01.585000+00:00,1024,3.1236166133161225,-0.07508087158203125,3.1242400219729096,-6.36328125,6.328125,12.69140625,659,365,0.6435546875
2021-11-18 09:28:53.852000+00:00,1024,2.9014735399782063,-0.1125640869140625,2.900705934613213,-6.36328125,6.1171875,12.48046875,620,404,0.60546875
2021-11-18 09:39:55.076000+00:00,1024,3.0615116563293494,-0.15262222290039062,3.059199149096583,-6.3046875,6.46875,12.7734375,646,378,0.630859375
2021-11-18 09:51:51.963000+00:00,1024,2.963665148716226,-0.08400344848632812,2.9639219749002086,-6.29296875,6.38671875,12.6796875,615,409,0.6005859375
2021-11-18 10:02:45.778000+00:00,1024,3.005749477982605,-0.09606170654296875,3.0056820291070054,-6.33984375,6.33984375,12.6796875,629,395,0.6142578125
2021-11-18 10:13:47.898000+00:00,1024,3.1099459684606194,-0.11606597900390625,3.109297953158207,-6.421875,6.33984375,12.76171875,647,377,0.6318359375
2021-11-18 10:25:55.637000+00:00,1024,3.1270222867695137,-0.11256790161132812,3.126522491116303,-6.328125,6.41015625,12.73828125,667,357,0.6513671875
2021-11-18 10:36:47.705000+00:00,1024,2.9935411075750187,-0.12728118896484375,2.9922954129032027,-6.46875,6.4453125,12.9140625,609,415,0.5947265625
2021-11-18 10:47:33.152000+00:00,1024,3.0595537654600933,-0.06378555297851562,3.0603834857199277,-6.3984375,6.33984375,12.73828125,648,376,0.6328125
2021-11-18 10:58:34.744000+00:00,1024,3.188482170625811,-0.0933837890625,3.188671720939155,-6.57421875,6.3046875,12.87890625,670,354,0.654296875
2021-11-18 11:09:27.136000+00:00,1024,3.092677491617692,-0.08364486694335938,3.0930568014827315,-6.2578125,6.328125,12.5859375,648,376,0.6328125
2021-11-18 11:21:25.932000+00:00,1024,3.046897839191618,-0.06438446044921875,3.0477060055264147,-6.29296875,6.57421875,12.8671875,626,398,0.611328125
2021-11-18 11:32:27.329000+00:00,1024,3.10648887961092,-0.10954666137695312,3.1060737699799885,-6.4453125,6.36328125,12.80859375,644,380,0.62890625
2021-11-18 11:43:40.716000+00:00,1024,3.1156092522815277,-0.10622787475585938,3.1153193094712748,-6.421875,6.421875,12.84375,652,372,0.63671875
2021-11-18 11:55:04.694000+00:00,1024,3.000912418294428,-0.08539581298828125,3.0011629037937677,-6.31640625,6.31640625,12.6328125,641,383,0.6259765625
2021-11-18 12:05:59.350000+00:00,1024,2.969636990401541,-0.070281982421875,2.970255871500428,-6.5390625,6.41015625,12.94921875,615,409,0.6005859375
2021-11-18 12:18:09.800000+00:00,1024,3.202367993198119,-0.048290252685546875,3.203568499488165,-6.33984375,6.28125,12.62109375,679,345,0.6630859375
2021-11-18 12:30:34.073000+00:00,1024,3.082089030760049,-0.06040191650390625,3.0830028441933695,-6.38671875,6.36328125,12.75,642,382,0.626953125
2021-11-18 12:41:28.202000+00:00,1024,3.072477534043607,-0.09814910888671875,3.072410032855107,-7.1984375,7.1984375,14.396875,633,391,0.6181640625
2021-11-18 12:52:31.831000+00:00,1024,3.2074795689084494,-0.07298431396484376,3.2082159981505582,-7.4375,7.21171875,14.64921875,641,383,0.6259765625
2021-11-18 13:03:33.087000+00:00,1024,3.28759405895395,-0.060274505615234376,3.2886476555743878,-7.3578125,7.11875,14.4765625,668,356,0.65234375
2021-11-18 13:15:32.518000+00:00,1024,3.376295148070255,-0.11985855102539063,3.3758157369260178,-7.26484375,7.26484375,14.5296875,675,349,0.6591796875
2021-11-18 13:26:15.952000+00:00,1024,3.1642265984638165,-0.09118881225585937,3.164457878107817,-7.171875,7.50390625,14.67578125,626,398,0.611328125
2021-11-18 13:38:22.452000+00:00,1024,3.194528515992519,-0.085040283203125,3.1949568220396025,-7.11875,7.225,14.34375,633,391,0.6181640625
2021-11-18 13:49:14.425000+00:00,1024,3.0546770455652252,-0.06449432373046875,3.0554884276851637,-7.065625,7.4375,14.503125,605,419,0.5908203125
2021-11-18 14:01:10.903000+00:00,1024,3.300080957557577,-0.05047836303710938,3.301307234130978,-7.18515625,7.37109375,14.55625,666,358,0.650390625
2021-11-18 14:12:11.842000+00:00,1024,3.1285042304227897,-0.16922225952148437,3.125450694033779,-7.26484375,7.225,14.489843749999999,590,434,0.576171875
2021-11-18 14:23:25.790000+00:00,1024,3.212062101446539,-0.10752029418945312,3.2118306942319377,-7.1453125,7.26484375,14.41015625,630,394,0.615234375
2021-11-18 14:34:18.314000+00:00,1024,3.127912436493398,-0.14708175659179687,3.125979188644981,-7.21171875,7.23828125,14.45,617,407,0.6025390625
2021-11-18 14:47:31.845000+00:00,1024,3.1442358094740115,-0.1494232177734375,3.142217950791173,-7.13203125,7.4375,14.56953125,621,403,0.6064453125
2021-11-18 14:58:32.227000+00:00,1024,3.027077366780813,-0.12360000610351562,3.0260308444678268,-7.171875,7.065625,14.2375,602,422,0.587890625
2021-11-18 15:09:23.948000+00:00,1024,3.146202833483662,-0.09714813232421875,3.1462392355809814,-7.33125,7.3578125,14.689062499999999,612,412,0.59765625
2021-11-18 15:20:27.141000+00:00,1024,3.1330202830941407,-0.04963607788085937,3.1341577933873364,-7.251562499999999,7.34453125,14.596093749999998,636,388,0.62109375
2021-11-18 15:31:29.524000+00:00,1024,3.1427998438847062,-0.053453826904296876,3.1438807033774516,-7.171875,7.3046875,14.4765625,646,378,0.630859375
2021-11-18 15:42:23.793000+00:00,1024,3.1463452810069286,-0.11725082397460937,3.145696163396069,-7.3578125,7.171875,14.5296875,620,404,0.60546875
2021-11-18 15:53:08.597000+00:00,1024,3.081317641461723,-0.146734619140625,3.0793257973658053,-7.171875,7.1453125,14.3171875,622,402,0.607421875
2021-11-18 16:04:09.156000+00:00,1024,3.250100911847942,-0.09080047607421875,3.2504197908895,-7.171875,7.13203125,14.30390625,653,371,0.6376953125
2021-11-18 16:15:00.937000+00:00,1024,0.1714967015035407,-0.16560287475585939,0.04459538806345404,-0.2921875,-0.1015625,0.190625,0,1024,0.0
2021-11-18 16:25:45.678000+00:00,1024,0.17107707774132408,-0.16577987670898436,0.04226278844822131,-0.30546875,-0.1015625,0.20390625,0,1024,0.0
2021-11-18 16:36:46.309000+00:00,1024,2.8439558285852207,-0.17234954833984376,2.8401157710226146,-7.37109375,6.9859375,14.35703125,543,481,0.5302734375
2021-11-18 16:48:46.561000+00:00,1024,0.17212680750876425,-0.1662689208984375,0.04454460149961083,-0.2921875,-0.1015625,0.190625,0,1024,0.0
2021-11-18 16:59:38.273000+00:00,1024,0.17154410675341958,-0.16566925048828124,0.044531073915565496,-0.30546875,-0.109375,0.19609375,0,1024,0.0
2021-11-18 17:10:38.856000+00:00,1024,0.17232652310055668,-0.16676254272460939,0.043457210848393345,-0.31875,-0.109375,0.20937499999999998,0,1024,0.0
2021-11-18 17:22:36.267000+00:00,1024,0.17304423310822806,-0.1671722412109375,0.04471801889332132,-0.30546875,-0.1015625,0.20390625,0,1024,0.0
2021-11-18 17:33:30.954000+00:00,1024,0.17310812492618213,-0.16715011596679688,0.04504712344517856,-0.30546875,-0.109375,0.19609375,0,1024,0.0
2021-11-18 17:44:33.138000+00:00,1024,0.17269353334571297,-0.16713104248046876,0.04349849274576928,-0.2921875,-0.109375,0.1828125,0,1024,0.0
2021-11-18 17:56:23.817000+00:00,1024,0.17380212139266019,-0.167950439453125,0.04474128019486521,-0.30546875,-0.1015625,0.20390625,0,1024,0.0
2021-11-18 18:07:16.203000+00:00,1024,0.1729407060144703,-0.16712646484375,0.044487810962680625,-0.30546875,-0.109375,0.19609375,0,1024,0.0
2021-11-18 18:18:00.266000+00:00,1024,0.1732498734929227,-0.167901611328125,0.042735829519891556,-0.30546875,-0.109375,0.19609375,0,1024,0.0
2021-11-18 18:29:02.531000+00:00,1024,0.17752276053037472,-0.17006912231445312,0.05092501071609844,-0.35859375,-0.0625,0.29609375,0,1024,0.0
2021-11-18 18:39:53.361000+00:00,1024,0.17908764101790917,-0.172332763671875,0.048745483507422215,-0.3453125,-0.09375,0.2515625,0,1024,0.0
2021-11-18 18:50:38.293000+00:00,1024,0.1756190793814432,-0.169586181640625,0.045657680676671863,-0.33203125,-0.0859375,0.24609375,0,1024,0.0
2021-11-18 19:01:39.037000+00:00,1024,0.1729417158467032,-0.16733245849609374,0.043709852279523446,-0.2921875,-0.09375,0.1984375,0,1024,0.0
2021-11-18 19:13:36.111000+00:00,1024,0.17371595042196727,-0.16820755004882812,0.04341995674428645,-0.2921875,-0.109375,0.1828125,0,1024,0.0
2021-11-18 19:24:28.296000+00:00,1024,0.1732144098042646,-0.16732177734375,0.044817587279518865,-0.31875,-0.109375,0.20937499999999998,0,1024,0.0
2021-11-18 19:35:28.763000+00:00,1024,0.17320463166981748,-0.16746749877929687,0.04423111826953227,-0.2921875,-0.109375,0.1828125,0,1024,0.0
2021-11-18 19:47:24.982000+00:00,1024,0.1743678938535457,-0.16848602294921874,0.04492876317734668,-0.33203125,-0.109375,0.22265625,0,1024,0.0
2021-11-18 19:58:17.345000+00:00,1024,0.1746463676710516,-0.16881103515625,0.04479003548077403,-0.30546875,-0.109375,0.19609375,0,1024,0.0
2021-11-18 20:09:20.039000+00:00,1024,2.556045836407621,-0.13398208618164062,2.5537791705712767,-7.251562499999999,7.18515625,14.436718749999999,459,565,0.4482421875
2021-11-18 20:21:26.742000+00:00,1024,3.09410352758113,-0.07947616577148438,3.09459403495835,-7.11875,7.26484375,14.38359375,619,405,0.6044921875
2021-11-18 20:32:20.257000+00:00,1024,2.420680765489154,-0.14377822875976562,2.4175878338536103,-7.11875,7.0125,14.131250000000001,422,602,0.412109375
2021-11-18 20:44:17.001000+00:00,1024,2.36566297142868,-0.16465835571289061,2.361078769624788,-7.0390625,6.94609375,13.98515625,422,602,0.412109375
2021-11-18 20:55:17.148000+00:00,1024,2.6160890018402045,-0.16666793823242188,2.612050221713071,-7.3046875,7.13203125,14.43671875,493,531,0.4814453125
2021-11-18 21:06:29.363000+00:00,1024,2.5168487285344576,-0.15181274414062498,2.5134935832648173,-7.3578125,7.13203125,14.489843749999999,451,573,0.4404296875
2021-11-18 21:17:22.670000+00:00,1024,2.5415454687994647,-0.09261550903320312,2.5410984984544003,-7.29140625,7.21171875,14.503125,491,533,0.4794921875
2021-11-18 21:29:34.431000+00:00,1024,2.5999531621336294,-0.15774917602539062,2.5964312228505437,-7.384374999999999,7.171875,14.556249999999999,506,518,0.494140625
2021-11-18 21:40:35.247000+00:00,1024,2.5609401459648238,-0.09329147338867187,2.5604908878732577,-7.15859375,7.18515625,14.34375,476,548,0.46484375
2021-11-18 21:51:27.900000+00:00,1024,2.604816204751682,-0.1529815673828125,2.6015906178538364,-7.1984375,7.4640625,14.6625,510,514,0.498046875
2021-11-18 22:02:11.887000+00:00,1024,2.478003223861794,-0.11906661987304687,2.4763504806769694,-6.853125,7.13203125,13.98515625,480,544,0.46875
2021-11-18 22:13:04.512000+00:00,1024,2.5786515196478974,-0.11797637939453125,2.577210036670321,-7.13203125,7.0921875,14.224218749999999,483,541,0.4716796875
2021-11-18 22:25:02.160000+00:00,1024,2.5910073966740055,-0.15074386596679687,2.5878824911809497,-7.0390625,7.065625,14.1046875,499,525,0.4873046875
2021-11-18 22:36:15.597000+00:00,1024,2.544594719352586,-0.11313934326171875,2.5433203983068067,-7.1453125,7.11875,14.264062500000001,482,542,0.470703125
2021-11-18 22:47:07.224000+00:00,1024,2.685118785904239,-0.14069595336914062,2.682740381986682,-7.251562499999999,7.13203125,14.38359375,511,513,0.4990234375
2021-11-18 22:58:09.341000+00:00,1024,2.652727353835641,-0.09726409912109375,2.6522389810003313,-6.9859375,7.26484375,14.25078125,518,506,0.505859375
2021-11-18 23:10:15.572000+00:00,1024,2.637614860112755,-0.16796722412109374,2.633547451939547,-7.065625,7.10546875,14.17109375,512,512,0.5
2021-11-18 23:21:09.201000+00:00,1024,2.772418965891656,-0.11813201904296874,2.7712545180106134,-7.18515625,6.94609375,14.131250000000001,555,469,0.5419921875
2021-11-18 23:31:53.251000+00:00,1024,2.609479017068989,-0.12690963745117187,2.607664707484242,-7.225,7.384374999999999,14.609374999999998,515,509,0.5029296875
2021-11-18 23:42:53.885000+00:00,1024,2.6904026791416378,-0.08227157592773438,2.690458488193488,-7.10546875,7.317968749999999,14.423437499999999,523,501,0.5107421875
2021-11-18 23:53:45.648000+00:00,1024,2.7201921699330804,-0.08190994262695311,2.720287251149482,-7.171875,7.11875,14.290625,540,484,0.52734375
2021-11-19 00:05:43.014000+00:00,1024,2.4997871949699797,-0.16093597412109376,2.495820257180971,-7.251562499999999,7.317968749999999,14.569531249999997,448,576,0.4375
2021-11-19 00:16:43.208000+00:00,1024,2.4811719861726163,-0.14659957885742186,2.478047575231706,-7.07890625,7.0921875,14.17109375,457,567,0.4462890625
2021-11-19 00:27:55.590000+00:00,1024,2.6460759401355585,-0.11352081298828125,2.6449314939612587,-7.21171875,7.13203125,14.34375,506,518,0.494140625
2021-11-19 00:39:57.549000+00:00,1024,2.698468733729919,-0.13299713134765626,2.6965062578242605,-7.0125,6.94609375,13.95859375,512,512,0.5
2021-11-19 00:51:01.371000+00:00,1024,2.5348197607901493,-0.1175933837890625,2.5333279199715824,-7.26484375,7.0921875,14.357031249999999,484,540,0.47265625
2021-11-19 01:02:04.050000+00:00,1024,2.4606956216533202,-0.15840072631835939,2.456791915111222,-7.15859375,7.05234375,14.2109375,450,574,0.439453125
2021-11-19 01:12:56.702000+00:00,1024,2.4570792328435527,-0.11630630493164062,2.455524278162819,-7.3046875,7.065625,14.3703125,442,582,0.431640625
2021-11-19 01:24:00.735000+00:00,1024,2.5043806154575132,-0.14250106811523439,2.501544877464338,-7.34453125,7.23828125,14.5828125,462,562,0.451171875
2021-11-19 01:35:01.838000+00:00,1024,2.5151640654558185,-0.13463516235351564,2.5127852579343504,-7.171875,6.99921875,14.17109375,479,545,0.4677734375
2021-11-19 01:45:54.364000+00:00,1024,2.472969740991966,-0.10212936401367187,2.472067317123048,-7.11875,7.384374999999999,14.503124999999999,467,557,0.4560546875
2021-11-19 01:56:39.985000+00:00,1024,2.5679266092610433,-0.153125,2.5646096923584585,-7.02578125,6.7734375,13.79921875,482,542,0.470703125
2021-11-19 02:07:41.307000+00:00,1024,2.7185778516221992,-0.17038345336914062,2.7145591056941987,-7.15859375,7.21171875,14.3703125,501,523,0.4892578125
2021-11-19 02:18:32.172000+00:00,1024,2.6337380892778937,-0.08888320922851563,2.633524064336983,-7.0125,7.0921875,14.1046875,510,514,0.498046875
2021-11-19 02:29:17.126000+00:00,1024,2.7537914958880174,-0.10213623046875,2.753241447373534,-7.0921875,6.8,13.892187499999999,547,477,0.5341796875
2021-11-19 02:40:17.259000+00:00,1024,2.62951723557322,-0.14097366333007813,2.6270186138888656,-7.1453125,7.251562499999999,14.396874999999998,504,520,0.4921875
2021-11-19 02:52:13.739000+00:00,1024,2.8811335965265434,-0.15016860961914064,2.878623359866483,-7.278125,7.37109375,14.64921875,572,452,0.55859375
2021-11-19 03:03:05.838000+00:00,1024,2.685263942726525,-0.10011825561523438,2.684708085627191,-7.065625,7.0125,14.078125,517,507,0.5048828125
2021-11-19 03:14:07.386000+00:00,1024,2.70086338921362,-0.09960556030273438,2.700344929681684,-7.18515625,7.317968749999999,14.503124999999999,535,489,0.5224609375
2021-11-19 03:26:04.530000+00:00,1024,2.611169075869222,-0.1262786865234375,2.6093882346841557,-6.9859375,7.13203125,14.11796875,500,524,0.48828125
2021-11-19 03:36:57.355000+00:00,1024,2.7483796753908005,-0.07975616455078124,2.748564596393616,-7.13203125,7.29140625,14.423437499999999,531,493,0.5185546875
2021-11-19 03:48:00.160000+00:00,1024,2.5822356849799535,-0.11829681396484376,2.5807850246785176,-7.15859375,7.1984375,14.357031249999999,477,547,0.4658203125
2021-11-19 04:00:08.634000+00:00,1024,2.5721892645761115,-0.1523895263671875,2.568925797262952,-7.13203125,7.317968749999999,14.45,476,548,0.46484375
2021-11-19 04:11:08.057000+00:00,1024,2.5391134576232317,-0.15157546997070312,2.53582367619736,-7.1453125,7.11875,14.264062500000001,488,536,0.4765625
2021-11-19 04:21:52.279000+00:00,1024,2.651127399764548,-0.07969512939453124,2.651224136812487,-7.26484375,7.11875,14.38359375,524,500,0.51171875
2021-11-19 04:33:59.066000+00:00,1024,2.5657094248078143,-0.14912338256835939,2.562623693504172,-7.29140625,6.99921875,14.290624999999999,484,540,0.47265625
2021-11-19 04:44:54.227000+00:00,1024,2.732955533227362,-0.08157958984375001,2.7330725075820284,-7.171875,6.94609375,14.11796875,533,491,0.5205078125
2021-11-19 04:56:51.132000+00:00,1024,2.8372539571135684,-0.13831787109375,2.8352651559418334,-7.05234375,7.07890625,14.131250000000001,565,459,0.5517578125
2021-11-19 05:07:55.749000+00:00,1024,2.8030772788792353,-0.11233673095703126,2.8021939517315797,-7.4109375,7.171875,14.5828125,557,467,0.5439453125
2021-11-19 05:18:58.170000+00:00,1024,2.7417725516997318,-0.1669769287109375,2.7380205407892872,-7.1453125,7.317968749999999,14.463281249999998,538,486,0.525390625
2021-11-19 05:29:50.682000+00:00,1024,2.7373801985745776,-0.10839004516601562,2.7365699782383737,-7.3578125,7.26484375,14.622656249999999,537,487,0.5244140625
2021-11-19 05:41:50.407000+00:00,1024,2.7083647743136288,-0.14029464721679688,2.7060503034821273,-7.13203125,6.9859375,14.11796875,517,507,0.5048828125
2021-11-19 05:52:51.744000+00:00,1024,2.578511893170446,-0.12491607666015625,2.5767428169784488,-7.1453125,7.33125,14.4765625,488,536,0.4765625
2021-11-19 06:04:04.821000+00:00,1024,2.7733859203001723,-0.08520965576171875,2.7734311634720474,-7.384374999999999,7.29140625,14.675781249999998,565,459,0.5517578125
2021-11-19 06:16:03.428000+00:00,1024,2.7751130480550374,-0.086181640625,2.7751299068706,-7.23828125,7.278125,14.51640625,536,488,0.5234375
2021-11-19 06:26:31.523000+00:00,1024,2.7153438774883556,-0.10137710571289063,2.714776663580235,-7.23828125,7.15859375,14.396875,512,512,0.5
2021-11-19 06:38:38.091000+00:00,1024,2.663973174737103,-0.10055007934570312,2.663375691070578,-7.13203125,7.13203125,14.2640625,523,501,0.5107421875
2021-11-19 06:49:30.383000+00:00,1024,2.6758172776518587,-0.13282012939453125,2.673824731106155,-7.26484375,7.42421875,14.689062499999999,511,513,0.4990234375
2021-11-19 07:01:27.485000+00:00,1024,2.855544783679726,-0.1260284423828125,2.8541562894632846,-7.0390625,7.225,14.2640625,550,474,0.537109375
2021-11-19 07:12:32.222000+00:00,1024,2.8685505217966534,-0.13480682373046876,2.8667813017103922,-7.23828125,7.07890625,14.3171875,567,457,0.5537109375
2021-11-19 07:23:33.787000+00:00,1024,2.6896345129740573,-0.13798370361328124,2.6874052893139595,-7.15859375,7.1984375,14.357031249999999,527,497,0.5146484375
2021-11-19 07:34:27.372000+00:00,1024,2.9764698050175475,-0.08345794677734375,2.9767533742053187,-7.852343749999998,8.06015625,15.912499999999998,574,450,0.560546875
2021-11-19 07:45:30.925000+00:00,1024,2.7014579127217657,-0.15365829467773437,2.698402249510697,-7.94140625,7.71875,15.66015625,485,539,0.4736328125
2021-11-19 07:56:31.880000+00:00,1024,2.820989282935034,-0.09526748657226562,2.8207578468739354,-7.985937499999999,7.703906249999998,15.689843749999998,536,488,0.5234375
2021-11-19 08:07:22.464000+00:00,1024,2.9139390003941856,-0.15960540771484374,2.9109864046446794,-7.911718749999999,8.015625,15.927343749999999,559,465,0.5458984375
2021-11-19 08:18:25.832000+00:00,1024,2.859370596835389,-0.124835205078125,2.8580401201224346,-7.985937499999999,7.778124999999998,15.764062499999998,554,470,0.541015625
2021-11-19 08:29:26.651000+00:00,1024,2.807513377093226,-0.1815254211425781,2.803007775880304,-8.1640625,7.95625,16.1203125,515,509,0.5029296875
2021-11-19 08:40:19.418000+00:00,1024,2.954071444573839,-0.11221084594726562,2.9533819356436184,-7.95625,7.926562499999998,15.882812499999998,542,482,0.529296875
2021-11-19 08:51:24.739000+00:00,1024,2.885377333036703,-0.1123748779296875,2.884597046354233,-8.178906249999999,7.94140625,16.120312499999997,547,477,0.5341796875
2021-11-19 09:03:33.683000+00:00,1024,2.8471105806798103,-0.10773468017578125,2.8464617234302936,-7.67421875,7.97109375,15.6453125,536,488,0.5234375
2021-11-19 09:14:26.175000+00:00,1024,2.8504613968191275,-0.10694808959960937,2.8498462333762675,-7.926562499999998,7.763281249999999,15.689843749999998,535,489,0.5224609375
2021-11-19 09:26:25.663000+00:00,1024,2.9127515614624655,-0.14147186279296875,2.9107355050891512,-8.08984375,7.97109375,16.0609375,540,484,0.52734375
2021-11-19 09:37:18.440000+00:00,1024,2.900104857678375,-0.13516845703125,2.8983687355810237,-7.88203125,7.82265625,15.704687499999999,565,459,0.5517578125
2021-11-19 09:48:21.823000+00:00,1024,2.8253907678204055,-0.1017608642578125,2.824937335719258,-7.896875,7.97109375,15.86796875,522,502,0.509765625
2021-11-19 10:00:22.069000+00:00,1024,2.8949237634572613,-0.12783050537109375,2.893513288150068,-8.104687499999999,7.985937499999999,16.090624999999996,534,490,0.521484375
2021-11-19 10:11:15.002000+00:00,1024,2.699602502685243,-0.09241943359375,2.6993384324897334,-8.015625,7.852343749999998,15.86796875,493,531,0.4814453125
2021-11-19 10:22:15.887000+00:00,1024,3.0802602634991167,-0.125518798828125,3.079205677898876,-7.97109375,8.015625,15.98671875,587,437,0.5732421875
2021-11-19 10:33:29.202000+00:00,1024,2.958509337009494,-0.16072311401367187,2.9555839213908857,-8.00078125,8.104687499999999,16.10546875,552,472,0.5390625
2021-11-19 10:45:29.920000+00:00,1024,2.8949800504275442,-0.08183212280273439,2.8952372843186107,-8.00078125,7.71875,15.71953125,527,497,0.5146484375
2021-11-19 10:55:58.018000+00:00,1024,2.9795498109519745,-0.13501205444335937,2.977943774314223,-7.926562499999998,7.926562499999998,15.853124999999997,568,456,0.5546875
2021-11-19 11:08:05.045000+00:00,1024,2.8704454885417268,-0.12560501098632812,2.8690973271138773,-8.104687499999999,8.030468749999999,16.135156249999998,554,470,0.541015625
2021-11-19 11:18:59.352000+00:00,1024,2.9120075784719868,-0.14836044311523436,2.9096468751390976,-8.0453125,7.95625,16.0015625,553,471,0.5400390625
2021-11-19 11:30:59.382000+00:00,1024,2.914100272519343,-0.15027236938476562,2.911645169886518,-7.911718749999999,7.852343749999998,15.764062499999998,570,454,0.556640625
2021-11-19 11:42:00.517000+00:00,1024,2.8997957983964344,-0.159088134765625,2.8968433956508064,-8.19375,8.475781249999999,16.66953125,514,510,0.501953125
2021-11-19 11:53:15.131000+00:00,1024,2.8797232076632318,-0.09994659423828126,2.8793945588970855,-7.896875,8.178906249999999,16.07578125,521,503,0.5087890625
2021-11-19 12:04:09.748000+00:00,1024,2.6760368819817018,-0.16551055908203124,2.672218748568223,-8.23828125,7.926562499999998,16.16484375,498,526,0.486328125
2021-11-19 12:14:45.569000+00:00,1024,2.786171859002296,-0.11081008911132811,2.7853278036348694,-8.06015625,7.88203125,15.9421875,509,515,0.4970703125
2021-11-19 12:26:08.264000+00:00,1024,2.8530786305782376,-0.0866790771484375,2.8531551151536214,-7.97109375,7.82265625,15.79375,537,487,0.5244140625
2021-11-19 12:37:01.706000+00:00,1024,2.817176828454107,-0.14360275268554687,2.8148892383565824,-8.11953125,7.8671875,15.98671875,513,511,0.5009765625
2021-11-19 12:47:46.772000+00:00,1024,2.7891327551533593,-0.0836669921875,2.7892398388672,-7.95625,8.075,16.03125,522,502,0.509765625
2021-11-19 12:58:49.084000+00:00,1024,2.6711701733929982,-0.1491241455078125,2.668307530568933,-8.030468749999999,7.5703125,15.600781249999999,479,545,0.4677734375
2021-11-19 13:09:41.069000+00:00,1024,2.7587398678334702,-0.06721572875976561,2.7592685306302744,-7.82265625,7.896875,15.71953125,515,509,0.5029296875
2021-11-19 13:20:09.378000+00:00,1024,2.708718159197558,-0.07077865600585936,2.709116413970806,-8.0453125,7.852343749999998,15.897656249999997,507,517,0.4951171875
2021-11-19 13:32:10.571000+00:00,1024,2.7564106445684,-0.17390823364257812,2.752263247362712,-8.00078125,7.896875,15.897656249999999,510,514,0.498046875
2021-11-19 13:43:11.515000+00:00,1024,2.7766235614259918,-0.14882125854492187,2.773987254562122,-8.08984375,8.178906249999999,16.268749999999997,529,495,0.5166015625
2021-11-19 13:54:24.471000+00:00,1024,2.8082841673366636,-0.1640411376953125,2.8048588760740323,-8.3125,7.778124999999998,16.090625,520,504,0.5078125
2021-11-19 14:05:16.145000+00:00,1024,2.848601570886578,-0.10058822631835937,2.8482161295537005,-8.178906249999999,8.00078125,16.1796875,525,499,0.5126953125
2021-11-19 14:17:25.873000+00:00,1024,2.8793047098424003,-0.09843368530273439,2.879027779285899,-8.14921875,7.985937499999999,16.135156249999998,545,479,0.5322265625
2021-11-19 14:28:28.612000+00:00,1024,2.7534216888721903,-0.12973327636718748,2.7517075975064853,-8.015625,7.97109375,15.98671875,513,511,0.5009765625
2021-11-19 14:39:22.156000+00:00,1024,2.7800473371084387,-0.15934295654296876,2.7768332863022445,-8.104687499999999,8.11953125,16.22421875,500,524,0.48828125
2021-11-19 14:50:07.080000+00:00,1024,2.8053719315039776,-0.10159759521484375,2.8049015457779345,-8.134375,8.178906249999999,16.31328125,514,510,0.501953125
2021-11-19 15:01:08.867000+00:00,1024,2.7399461945154964,-0.17304229736328125,2.735812632647417,-8.08984375,8.11953125,16.209375,508,516,0.49609375
2021-11-19 15:11:59.823000+00:00,1024,2.8510718362977605,-0.08370513916015625,2.851235358983021,-7.911718749999999,8.015625,15.927343749999999,521,503,0.5087890625
2021-11-19 15:22:26.365000+00:00,1024,2.6555795503346524,-0.09614715576171874,2.6551352107247745,-7.8671875,8.134375,16.0015625,461,563,0.4501953125
2021-11-19 15:33:30.009000+00:00,1024,2.7207973245386747,-0.11821441650390624,2.719556227695873,-8.00078125,7.88203125,15.8828125,509,515,0.4970703125
2021-11-19 15:45:29.207000+00:00,1024,2.7521606097440503,-0.12187271118164061,2.7508043621709435,-7.896875,7.79296875,15.68984375,502,522,0.490234375
2021-11-19 15:56:13.900000+00:00,1024,2.749896868375814,-0.09688568115234375,2.7495324501369915,-7.8671875,7.95625,15.8234375,496,528,0.484375
2021-11-19 16:08:22.376000+00:00,1024,2.7840752745350374,-0.1549346923828125,2.7811191486250664,-8.14921875,7.95625,16.10546875,518,506,0.505859375
2021-11-19 16:19:14.589000+00:00,1024,2.6788295040668304,-0.12398757934570313,2.677266208679375,-8.08984375,8.134375,16.22421875,483,541,0.4716796875
2021-11-19 16:30:05.816000+00:00,1024,2.6187149714674116,-0.1617401123046875,2.6149925724608223,-8.075,7.97109375,16.046093749999997,478,546,0.466796875
2021-11-19 16:42:12.083000+00:00,1024,2.67133489894234,-0.160211181640625,2.667829271258051,-7.852343749999998,7.703906249999998,15.556249999999997,487,537,0.4755859375
2021-11-19 16:53:25.173000+00:00,1024,2.6361572001082982,-0.17098617553710938,2.631891528227714,-7.852343749999998,7.8078125,15.660156249999998,469,555,0.4580078125
2021-11-19 17:04:17.814000+00:00,1024,2.5747285321338245,-0.15869369506835937,2.5710890475929533,-7.8671875,7.703906249999998,15.57109375,462,562,0.451171875
2021-11-19 17:16:27.210000+00:00,1024,2.5237182620434946,-0.11337814331054687,2.5224021594612958,-8.0453125,8.00078125,16.046093749999997,446,578,0.435546875
2021-11-19 17:28:34.236000+00:00,1024,2.5338955290431664,-0.1124267578125,2.532637102493174,-8.50546875,7.64453125,16.15,447,577,0.4365234375
2021-11-19 17:39:27.013000+00:00,1024,2.5392833743933476,-0.11411666870117188,2.537957387905389,-7.97109375,7.703906249999998,15.674999999999997,431,593,0.4208984375
2021-11-19 17:51:28.902000+00:00,1024,2.5054207823693275,-0.13849639892578125,2.502812278095966,-7.6,7.896875,15.496875,447,577,0.4365234375
2021-11-19 18:02:31.767000+00:00,1024,2.46787369398009,-0.12229003906250001,2.466046343421409,-7.95625,8.14921875,16.10546875,435,589,0.4248046875
2021-11-19 18:13:45.620000+00:00,1024,2.485730831923286,-0.13817596435546875,2.4831001686351843,-7.763281249999999,7.926562499999998,15.689843749999998,443,581,0.4326171875
2021-11-19 18:24:40.019000+00:00,1024,2.4299225066136065,-0.11108856201171875,2.4285679790651904,-7.837499999999999,8.20859375,16.046093749999997,410,614,0.400390625
2021-11-19 18:36:49.858000+00:00,1024,2.4745226741737794,-0.12960662841796874,2.4723336668954055,-7.896875,7.852343749999998,15.749218749999997,438,586,0.427734375
2021-11-19 18:49:03.468000+00:00,1024,2.4409937588546677,-0.1568145751953125,2.4371418032518544,-7.82265625,7.629687499999998,15.452343749999997,410,614,0.400390625
2021-11-19 18:59:55.905000+00:00,1024,2.4614892302366047,-0.10853500366210937,2.4602968470327187,-7.926562499999998,8.08984375,16.01640625,409,615,0.3994140625
2021-11-19 19:11:54.574000+00:00,1024,2.357608812153104,-0.1423431396484375,2.3544577481697577,-7.540624999999999,6.69453125,14.23515625,423,601,0.4130859375
2021-11-19 19:22:58.885000+00:00,1024,2.3380339098166907,-0.12268142700195311,2.335953899500165,-7.64453125,7.94140625,15.5859375,400,624,0.390625
2021-11-19 19:34:12.242000+00:00,1024,2.3040804296851634,-0.12442855834960936,2.3018424046168073,-7.95625,7.614843749999999,15.57109375,380,644,0.37109375
2021-11-19 19:45:06.957000+00:00,1024,2.3544633772616983,-0.10464935302734375,2.353285887102574,-7.95625,8.104687499999999,16.060937499999998,371,653,0.3623046875
2021-11-19 19:56:09.986000+00:00,1024,2.3793051408102115,-0.15649642944335937,2.375312967875998,-8.030468749999999,8.29765625,16.328125,392,632,0.3828125
2021-11-19 20:08:17.122000+00:00,1024,2.4082473487227585,-0.15865859985351563,2.404189550968024,-7.837499999999999,7.97109375,15.808593749999998,395,629,0.3857421875
2021-11-19 20:19:09.665000+00:00,1024,2.3120557956381287,-0.132574462890625,2.309379624597453,-7.97109375,7.763281249999999,15.734374999999998,395,629,0.3857421875
2021-11-19 20:31:07.582000+00:00,1024,2.2836883230394482,-0.1234130859375,2.281465462699783,-8.015625,7.837499999999999,15.853124999999999,374,650,0.365234375
2021-11-19 20:42:12.219000+00:00,1024,2.189407590448741,-0.09723358154296875,2.1883161836555103,-8.06015625,7.258593749999998,15.318749999999998,368,656,0.359375
2021-11-19 20:53:28.103000+00:00,1024,2.354426490250012,-0.15793838500976562,2.3502710215965026,-8.104687499999999,8.23828125,16.342968749999997,376,648,0.3671875
2021-11-19 21:04:21.118000+00:00,1024,2.3959636878058537,-0.17820587158203124,2.390494759047378,-8.19375,7.97109375,16.16484375,398,626,0.388671875
2021-11-19 21:16:30.990000+00:00,1024,2.425499885446235,-0.1227874755859375,2.423573595758731,-7.67421875,8.030468749999999,15.704687499999999,437,587,0.4267578125
2021-11-19 21:28:39.781000+00:00,1024,2.5283444059483005,-0.13288650512695313,2.526083560179724,-8.50546875,8.134375,16.63984375,438,586,0.427734375
2021-11-19 21:39:38.378000+00:00,1024,2.3849821177697916,-0.15646514892578126,2.381007073106909,-7.837499999999999,7.614843749999999,15.452343749999997,395,629,0.3857421875
2021-11-19 21:49:57.982000+00:00,1024,2.5512135290980886,-0.14944381713867186,2.54807722440177,-7.82265625,7.763281249999999,15.585937499999998,472,552,0.4609375
2021-11-19 22:00:58.397000+00:00,1024,2.2731164543016393,-0.16339187622070311,2.268344396451172,-8.06015625,7.73359375,15.79375,375,649,0.3662109375
2021-11-19 22:12:55.529000+00:00,1024,2.2236083500538073,-0.14937133789062498,2.219669740432674,-7.659375,7.421875,15.08125,360,664,0.3515625
2021-11-19 22:23:52.554000+00:00,1024,2.428880975075815,-0.16868972778320312,2.4241999868363595,-8.11953125,8.43125,16.55078125,403,621,0.3935546875
2021-11-19 22:34:54.035000+00:00,1024,2.380779845463954,-0.14814910888671876,2.3773270150533268,-7.303125,8.11953125,15.42265625,394,630,0.384765625
2021-11-19 22:46:53.469000+00:00,1024,2.5475929928541436,-0.117669677734375,2.5461175699948213,-8.44609375,8.00078125,16.446875,447,577,0.4365234375
2021-11-19 22:57:46.201000+00:00,1024,2.456442725165127,-0.1626708984375,2.4522482787282684,-7.926562499999998,7.852343749999998,15.778906249999997,418,606,0.408203125
2021-11-19 23:08:50.660000+00:00,1024,2.4063352183324778,-0.151226806640625,2.4027520770354163,-7.8078125,8.11953125,15.927343749999999,424,600,0.4140625
2021-11-19 23:20:48.846000+00:00,1024,2.3538080609616197,-0.13780670166015624,2.3509187533792995,-7.985937499999999,7.659375,15.6453125,404,620,0.39453125
2021-11-19 23:31:53.968000+00:00,1024,2.3600983635004558,-0.15419692993164064,2.3562065238846097,-8.19375,7.67421875,15.86796875,408,616,0.3984375
2021-11-19 23:42:54.301000+00:00,1024,2.3905565136093987,-0.11727676391601562,2.388844791292864,-8.14921875,7.79296875,15.9421875,398,626,0.388671875
2021-11-19 23:54:51.987000+00:00,1024,2.4615051842738946,-0.07972564697265624,2.461415886008416,-7.778124999999998,8.00078125,15.778906249999999,417,607,0.4072265625
2021-11-20 00:05:20.125000+00:00,1024,2.4739981233442045,-0.19435043334960936,2.4675576501713463,-8.490625,8.030468749999999,16.52109375,415,609,0.4052734375
2021-11-20 00:17:27.216000+00:00,1024,2.2795456092398423,-0.1320159912109375,2.276831663952312,-7.3625,7.614843749999999,14.97734375,383,641,0.3740234375
2021-11-20 00:28:19.758000+00:00,1024,2.272603145620176,-0.16820144653320312,2.2674775152831015,-7.88203125,7.95625,15.83828125,378,646,0.369140625
2021-11-20 00:39:16.707000+00:00,1024,2.4609017497296692,-0.10284042358398438,2.45995341640998,-8.030468749999999,7.926562499999998,15.957031249999996,409,615,0.3994140625
2021-11-20 00:51:25.436000+00:00,1024,2.2849681827721477,-0.196160888671875,2.2776449641424947,-7.28828125,7.926562499999998,15.214843749999998,361,663,0.3525390625
2021-11-20 01:02:27.227000+00:00,1024,2.36442538852831,-0.15325927734375,2.360606038317676,-8.2234375,7.852343749999998,16.07578125,405,619,0.3955078125
2021-11-20 01:13:18.814000+00:00,1024,2.3717501135002084,-0.15830459594726562,2.3676174705248108,-7.896875,8.1640625,16.0609375,413,611,0.4033203125
2021-11-20 01:24:23.207000+00:00,1024,2.386539967860007,-0.11086807250976563,2.3851282551200983,-8.14921875,8.2828125,16.43203125,384,640,0.375
2021-11-20 01:35:25.059000+00:00,1024,2.391124249355843,-0.1537506103515625,2.387341983816582,-8.08984375,7.88203125,15.971875,393,631,0.3837890625
2021-11-20 01:46:21.072000+00:00,1024,2.480725610845146,-0.15587005615234376,2.4770337043520905,-8.20859375,7.896875,16.10546875,420,604,0.41015625
2021-11-20 01:57:23.396000+00:00,1024,2.2732870364130253,-0.13480911254882813,2.2703951934152626,-8.0453125,7.16953125,15.21484375,375,649,0.3662109375
2021-11-20 02:09:26.680000+00:00,1024,2.3289210649522696,-0.1402191162109375,2.325832030872552,-7.317968749999999,7.911718749999999,15.229687499999997,395,629,0.3857421875
2021-11-20 02:19:55.141000+00:00,1024,2.303700447268856,-0.17691268920898437,2.2980197507739653,-7.763281249999999,7.95625,15.71953125,386,638,0.376953125
2021-11-20 02:32:02.591000+00:00,1024,2.496987206154337,-0.18166809082031252,2.4915867066372925,-8.61328125,8.28515625,16.8984375,400,624,0.390625
2021-11-20 02:42:55.058000+00:00,1024,2.4655140176122,-0.13423919677734375,2.4630598217148623,-8.64609375,8.61328125,17.259375,396,628,0.38671875
2021-11-20 02:54:53.332000+00:00,1024,2.542787280778644,-0.15256881713867188,2.5394463088286883,-8.596875,8.58046875,17.17734375,413,611,0.4033203125
2021-11-20 03:05:57.120000+00:00,1024,2.4321378296690517,-0.13473129272460938,2.4295897716191273,-8.6953125,8.00625,16.7015625,385,639,0.3759765625
2021-11-20 03:16:57.810000+00:00,1024,2.512561192170637,-0.18514709472656252,2.5069546902614515,-8.6625,8.6953125,17.3578125,416,608,0.40625
2021-11-20 03:28:56.304000+00:00,1024,2.515914167524126,-0.14357757568359375,2.513041372202385,-8.35078125,9.20390625,17.5546875,422,602,0.412109375
2021-11-20 03:39:52.097000+00:00,1024,2.6060427008090654,-0.18172378540039064,2.6009693404785983,-8.6625,8.6953125,17.3578125,428,596,0.41796875
2021-11-20 03:50:53.624000+00:00,1024,2.5143317534207306,-0.16977996826171876,2.5098188145445364,-8.728125,8.84296875,17.571093750000003,399,625,0.3896484375
2021-11-20 04:02:50.750000+00:00,1024,2.5809550162969326,-0.21504974365234375,2.5732370198087855,-8.8265625,8.4328125,17.259375,428,596,0.41796875
2021-11-20 04:13:43.380000+00:00,1024,2.616321352757095,-0.1599639892578125,2.612702656021959,-8.925,8.925,17.85,458,566,0.447265625
2021-11-20 04:24:46.212000+00:00,1024,2.71994070824257,-0.13584518432617188,2.7178736634551135,-8.81015625,9.1875,17.99765625,474,550,0.462890625
2021-11-20 04:36:53.161000+00:00,1024,2.6775535302060343,-0.12287368774414062,2.6760396693509287,-8.629687500000001,8.990625,17.6203125,468,556,0.45703125
2021-11-20 04:47:45.725000+00:00,1024,2.638326874039981,-0.10037155151367187,2.6377051898299984,-8.77734375,8.53125,17.30859375,450,574,0.439453125
2021-11-20 04:58:31.613000+00:00,1024,2.7266157760443113,-0.17824554443359375,2.7221128457350474,-8.990625,9.1546875,18.1453125,486,538,0.474609375
2021-11-20 05:10:39.469000+00:00,1024,2.8710403258874133,-0.13950653076171876,2.86905019216563,-8.7609375,8.6625,17.4234375,513,511,0.5009765625
2021-11-20 05:21:31.531000+00:00,1024,2.7934682520517846,-0.17491455078125,2.7893490079798977,-8.8921875,9.0890625,17.981250000000003,472,552,0.4609375
2021-11-20 05:33:28.324000+00:00,1024,2.75233670584876,-0.15035476684570312,2.7495697353485027,-8.629687500000001,8.58046875,17.21015625,479,545,0.4677734375
2021-11-20 05:44:29.775000+00:00,1024,2.759293894585645,-0.12457122802734374,2.757827435042267,-8.58046875,8.7609375,17.34140625,487,537,0.4755859375
2021-11-20 05:55:30.512000+00:00,1024,2.7705231099719905,-0.14678649902343752,2.767983776846813,-8.859375,8.711718750000001,17.571093750000003,487,537,0.4755859375
2021-11-20 06:07:26.819000+00:00,1024,2.8506864446764477,-0.1145050048828125,2.8497776581741316,-8.8921875,8.859375,17.7515625,518,506,0.505859375
2021-11-20 06:18:10.705000+00:00,1024,2.695983361720459,-0.12326736450195312,2.6944798205932776,-8.711718750000001,8.957812500000003,17.669531250000006,460,564,0.44921875
2021-11-20 06:30:07.441000+00:00,1024,2.810689267281989,-0.16894302368164063,2.8069782456939723,-8.629687500000001,8.77734375,17.407031250000003,495,529,0.4833984375
2021-11-20 06:41:08.086000+00:00,1024,2.8215201678614066,-0.12776718139648438,2.820003127277719,-8.74453125,8.5640625,17.30859375,496,528,0.484375
2021-11-20 06:52:22.196000+00:00,1024,2.740582602269748,-0.16714248657226563,2.736817679198271,-8.875781250000003,7.858593750000002,16.734375000000004,466,558,0.455078125
2021-11-20 07:03:17.319000+00:00,1024,2.6651674212181202,-0.09727096557617188,2.664693211650166,-8.793750000000001,8.728125,17.521875,472,552,0.4609375
2021-11-20 07:15:27.368000+00:00,1024,2.6699712530787023,-0.16549148559570312,2.666139673839936,-8.26875,8.5640625,16.832812500000003,448,576,0.4375
2021-11-20 07:26:30.824000+00:00,1024,2.6154466138646244,-0.12189407348632812,2.613881226471534,-8.547656250000001,8.61328125,17.160937500000003,437,587,0.4267578125
2021-11-20 07:37:29.286000+00:00,1024,2.668919624570691,-0.18677444458007814,2.66367718619046,-9.0234375,8.925,17.9484375,447,577,0.4365234375
2021-11-20 07:48:34.533000+00:00,1024,2.714892586906879,-0.18273620605468752,2.7100593211373245,-8.925,8.957812500000003,17.882812500000004,451,573,0.4404296875
